method,f1_dice,iou_jaccard,mcc,precision,recall,specificity,balanced_accuracy,accuracy,TP,FP,TN,FN,gt_pore_fraction,pred_pore_fraction,pore_fraction_bias,gt_pore_area_um2,pred_pore_area_um2,pore_area_bias_um2
60%,0.5580025106484875,0.3869649668387629,0.33413847166042865,0.4125447951760692,0.8618950483064715,0.49763737624897925,0.6797662122777254,0.6034309895833333,76900,109504,108474,12322,0.2904361979166667,0.6067838541666667,0.31634765625,7.798270001302085,16.292267841145836,8.49399783984375
