method,f1_dice,iou_jaccard,mcc,precision,recall,specificity,balanced_accuracy,accuracy,TP,FP,TN,FN,gt_pore_fraction,pred_pore_fraction,pore_fraction_bias,gt_pore_area_um2,pred_pore_area_um2,pore_area_bias_um2
FREEHAND,0.47808082452625844,0.31413023255813954,0.3565509960059019,0.648817415028724,0.3784828853870122,0.9161475011239666,0.6473151932554894,0.759990234375,33769,18278,199700,55453,0.2904361979166667,0.169423828125,-0.12101236979166669,7.798270001302085,4.549063669921876,-3.2492063313802095
