method,f1_dice,iou_jaccard,mcc,precision,recall,specificity,balanced_accuracy,accuracy,TP,FP,TN,FN,gt_pore_fraction,pred_pore_fraction,pore_fraction_bias,gt_pore_area_um2,pred_pore_area_um2,pore_area_bias_um2
ILASTIK,0.5150518490330122,0.3468483722462727,0.3862294179620017,0.6541183374758354,0.4247495012440878,0.9080687041811559,0.6664091027126219,0.7676953125,37897,20039,197939,51325,0.2904361979166667,0.18859375,-0.10184244791666669,7.798270001302085,5.0637799062500015,-2.7344900950520836
