method,f1_dice,iou_jaccard,mcc,precision,recall,specificity,balanced_accuracy,accuracy,TP,FP,TN,FN,gt_pore_fraction,pred_pore_fraction,pore_fraction_bias,gt_pore_area_um2,pred_pore_area_um2,pore_area_bias_um2
OTSU,0.4797830018083183,0.31560165580244565,0.2904143250210442,0.5190276220037038,0.44605590549416063,0.8308086137133105,0.6384322596037355,0.7190625,39798,36880,181098,49424,0.2904361979166667,0.24960286458333333,-0.04083333333333336,7.798270001302085,6.701886834635419,-1.0963831666666666
