method,f1_dice,iou_jaccard,mcc,precision,recall,specificity,balanced_accuracy,accuracy,TP,FP,TN,FN,gt_pore_fraction,pred_pore_fraction,pore_fraction_bias,gt_pore_area_um2,pred_pore_area_um2,pore_area_bias_um2
OVAL,0.4956026528258362,0.3294360055584839,0.39006252295644644,0.6944725039395531,0.3852749321916119,0.9306214388608025,0.6579481855262073,0.7722330729166667,34375,15123,202855,54847,0.2904361979166667,0.16112630208333334,-0.12930989583333335,7.798270001302085,4.326273436197917,-3.4719965651041678
