method,f1_dice,iou_jaccard,mcc,precision,recall,specificity,balanced_accuracy,accuracy,TP,FP,TN,FN,gt_pore_fraction,pred_pore_fraction,pore_fraction_bias,gt_pore_area_um2,pred_pore_area_um2,pore_area_bias_um2
PLANKSTER,0.4434602810919556,0.28490135889565044,0.30302659223427747,0.5885341343123076,0.3557642733854879,0.898191560616209,0.6269779170008485,0.7406510416666666,31742,22192,195786,57480,0.2904361979166667,0.17556640625,-0.11486979166666669,7.798270001302085,4.713993121093751,-3.084276880208334
