method,f1_dice,iou_jaccard,mcc,precision,recall,specificity,balanced_accuracy,accuracy,TP,FP,TN,FN,gt_pore_fraction,pred_pore_fraction,pore_fraction_bias,gt_pore_area_um2,pred_pore_area_um2,pore_area_bias_um2
PORED2,0.4729068536687655,0.3096778050539358,0.14061981874019835,0.31719423937295965,0.9289188765102777,0.18151831836240354,0.5552185974363406,0.3985904947916667,82880,178411,39567,6342,0.2904361979166667,0.850556640625,0.5601204427083333,7.798270001302085,22.83761591210938,15.039345910807295
