method,f1_dice,iou_jaccard,mcc,precision,recall,specificity,balanced_accuracy,accuracy,TP,FP,TN,FN,gt_pore_fraction,pred_pore_fraction,pore_fraction_bias,gt_pore_area_um2,pred_pore_area_um2,pore_area_bias_um2
SAMJ,0.2533487915812004,0.14504830177889427,0.20610545998405427,0.6200453989872534,0.1591984039810809,0.9600693647982824,0.5596338843896816,0.7274674479166666,14204,8704,209274,75018,0.2904361979166667,0.0745703125,-0.21586588541666668,7.798270001302085,2.0022278046875006,-5.796042196614584
