method,f1_dice,iou_jaccard,mcc,precision,recall,specificity,balanced_accuracy,accuracy,TP,FP,TN,FN,gt_pore_fraction,pred_pore_fraction,pore_fraction_bias,gt_pore_area_um2,pred_pore_area_um2,pore_area_bias_um2
SEMI,0.013544319281194747,0.006818334490248326,0.060577953444190945,0.8638297872340426,0.00682567079868194,0.999559588582334,0.5031926296905079,0.7112337239583333,609,96,217882,88613,0.2904361979166667,0.002294921875,-0.28814127604166667,7.798270001302085,0.06161911132812501,-7.73665088997396
