method,f1_dice,iou_jaccard,mcc,precision,recall,specificity,balanced_accuracy,accuracy,TP,FP,TN,FN,gt_pore_fraction,pred_pore_fraction,pore_fraction_bias,gt_pore_area_um2,pred_pore_area_um2,pore_area_bias_um2
UNET,0.5382806156258458,0.3682516777023619,0.31160931780556816,0.4611478922791531,0.6463988702337988,0.6908357724173999,0.6686173213255994,0.6779296875,57673,67391,150587,31549,0.2904361979166667,0.407109375,0.1166731770833333,7.798270001302085,10.930968140625003,3.132698139322918
