Mean,SD,Median,SD_Mean_ratio,Porosity,Pore_Coverage,Total_N_bubbles
0.126479525526748,0.0460658947246307,0.125359558808531,0.364216220236283,0.606783854166667,0.40994833673544,552
