Mean,SD,Median,SD_Mean_ratio,Porosity,Pore_Coverage,Total_N_bubbles
0.180125399797116,0.0745025311691735,0.16714608435197,0.413614799762217,0.169423828125,0.471185441064959,91
