Mean,SD,Median,SD_Mean_ratio,Porosity,Pore_Coverage,Total_N_bubbles
0.16081836174445,0.090555600674636,0.130812500453756,0.56309242111628,0.290436197916667,0.44885201326506,153
