Mean,SD,Median,SD_Mean_ratio,Porosity,Pore_Coverage,Total_N_bubbles
0.0771408751023136,0.0340460551652528,0.0747500002592891,0.441349091776529,0.18859375,0.3838607864881,388
