Mean,SD,Median,SD_Mean_ratio,Porosity,Pore_Coverage,Total_N_bubbles
0.108628683033934,0.0552639361278648,0.119658386377313,0.50874165629534,0.795364583333333,0.338580957170652,715
