Mean,SD,Median,SD_Mean_ratio,Porosity,Pore_Coverage,Total_N_bubbles
0.18979051997036,0.0767934556711786,0.167666792467685,0.404622189154503,0.161126302083333,0.563016277267191,92
