Mean,SD,Median,SD_Mean_ratio,Porosity,Pore_Coverage,Total_N_bubbles
0.122111079424732,0.0651334251120433,0.136047053898417,0.533394884550104,0.857115885416667,0.39115710431485,707
