Mean,SD,Median,SD_Mean_ratio,Porosity,Pore_Coverage,Total_N_bubbles
0.187371223063299,0.07756999730924,0.168705009688017,0.413990985601,0.149443359375,0.443061539279826,62
