Mean,SD,Median,SD_Mean_ratio,Porosity,Pore_Coverage,Total_N_bubbles
0.151574917178145,0.0508486064535182,0.15008172152842,0.335468475920434,0.0745703125,0.419900497512438,54
