Mean,SD,Median,SD_Mean_ratio,Porosity,Pore_Coverage,Total_N_bubbles
0.234153711415935,0,0.234153711415935,0,0.002294921875,0.704964539007092,1
