Mean,SD,Median,SD_Mean_ratio,Porosity,Pore_Coverage,Total_N_bubbles
0.106612433830892,0.0274530545867988,0.105712462344887,0.257503309889207,0.592890625,0.333014439076391,651
