Mean,SD,Median,SD_Mean_ratio,Porosity,Pore_Coverage,Total_N_bubbles
0.126479580998421,0.0460658892989159,0.125359565019608,0.36421601759964,0.606783854166667,0.40994833673544,552
