Mean,SD,Median,SD_Mean_ratio,Porosity,Pore_Coverage,Total_N_bubbles
0.180125400424004,0.0745025351643562,0.16714608669281,0.413614820502728,0.169423828125,0.471185441064959,91
