Mean,SD,Median,SD_Mean_ratio,Porosity,Pore_Coverage,Total_N_bubbles
0.160818368196487,0.0905556008219719,0.130812495946884,0.563092399441159,0.290436197916667,0.44885201326506,153
