Mean,SD,Median,SD_Mean_ratio,Porosity,Pore_Coverage,Total_N_bubbles
0.0771408900618553,0.0340460501611233,0.0747499987483025,0.441348941317938,0.18859375,0.3838607864881,388
