Mean,SD,Median,SD_Mean_ratio,Porosity,Pore_Coverage,Total_N_bubbles
0.108628816902637,0.0552639476954937,0.119658388197422,0.50874113583531,0.795364583333333,0.338580957170652,715
