Mean,SD,Median,SD_Mean_ratio,Porosity,Pore_Coverage,Total_N_bubbles
0.189790517091751,0.0767934545874596,0.167666792869568,0.404622189581448,0.161126302083333,0.563016277267191,92
