Mean,SD,Median,SD_Mean_ratio,Porosity,Pore_Coverage,Total_N_bubbles
0.122111245989799,0.0651334151625633,0.136047050356865,0.533394075497389,0.857115885416667,0.39115710431485,707
