Mean,SD,Median,SD_Mean_ratio,Porosity,Pore_Coverage,Total_N_bubbles
0.18737119436264,0.0775699988007545,0.168705016374588,0.41399105697445,0.149443359375,0.443061539279826,62
