Mean,SD,Median,SD_Mean_ratio,Porosity,Pore_Coverage,Total_N_bubbles
0.151574924588203,0.0508486032485962,0.150081723928452,0.335468438376209,0.0745703125,0.419900497512438,54
