Mean,SD,Median,SD_Mean_ratio,Porosity,Pore_Coverage,Total_N_bubbles
0.106612540781498,0.0274530593305826,0.105712465941906,0.257503096064914,0.592890625,0.333014439076391,651
